headline,link,time
"ছাগল চুরির দায়ে আ.লীগ নেতা গ্রেফতার, ফ্রিজ থেকে মাংস উদ্ধার",https://www.jugantor.com/country-news/577879/ছাগল-চুরির-দায়ে-আ.লীগ-নেতা-গ্রেফতার-ফ্রিজ-থেকে-মাংস-উদ্ধার,"৮ জুলাই, ২০২২"
কুকুরের কামড়ে ১৫ জন আহত,https://www.jugantor.com/country-news/576233/কুকুরের-কামড়ে-১৫-জন-আহত,"৪ জুলাই, ২০২২"
নুরুল ইসলামের ২য় মৃত্যুবার্ষিকী উপলক্ষে দুমকিতে দোয়া মাহফিল,https://www.jugantor.com/country-news/573961/নুরুল-ইসলামের-২য়-মৃত্যুবার্ষিকী-উপলক্ষে-দুমকিতে-দোয়া-মাহফিল,"৮ জুলাই, ২০২২"
জালিয়াতির মামলায় কারাগারে আ.লীগ নেতা,https://www.jugantor.com/country-news/570527/জালিয়াতির-মামলায়-কারাগারে-আ.লীগ-নেতা,"৬ জুলাই, ২০২২"
কর্মস্থলে না এসে ক্লাস নেন প্রাইভেট নার্সিং কলেজে,https://www.jugantor.com/country-news/567756/কর্মস্থলে-না-এসে-ক্লাস-নেন-প্রাইভেট-নার্সিং-কলেজে,"৯ জুন, ২০২২"
১৫ বছর ধরে এক পরিবারকে অবরুদ্ধ করে রাখার অভিযোগ!,https://www.jugantor.com/country-news/564887/১৫-বছর-ধরে-এক-পরিবারকে-অবরুদ্ধ-করে-রাখার-অভিযোগ,"১ জুন, ২০২২"
১০ হাজার মানুষের গলার কাঁটা সাঁকোটি!,https://www.jugantor.com/country-news/561188/১০-হাজার-মানুষের-গলার-কাঁটা-সাঁকোটি,"১ জুন, ২০২২"
ব্যাগে মিলল ২ কেজি  গাঁজা,https://www.jugantor.com/country-news/561079/ব্যাগে-মিলল-২-কেজি- গাঁজা,"১ জুন, ২০২২"
ফরম পূরণে অতিরিক্ত ফি ধার্যের প্রতিবাদে বিক্ষোভ,https://www.jugantor.com/country-news/560425/ফরম-পূরণে-অতিরিক্ত-ফি-ধার্যের-প্রতিবাদে-বিক্ষোভ,"৯ জুন, ২০২২"
"গৃহবধূর ব্যাগ ছিনতাই, যুবলীগ নেতা শ্রীঘরে!",https://www.jugantor.com/country-news/560117/গৃহবধূর-ব্যাগ-ছিনতাই-যুবলীগ-নেতা-শ্রীঘরে,"৮ জুন, ২০২২"
২ লিটার পেট্রল ঢেলে স্ত্রীর শরীরে আগুন দেয় স্বামী,https://www.jugantor.com/country-news/556255/২-লিটার-পেট্রল-ঢেলে-স্ত্রীর-শরীরে-আগুন-দেয়-স্বামী,"৯ মে, ২০২২"
দুমকিতে ৩ লাখ চিংড়ি রেনুসহ আটক ৮,https://www.jugantor.com/country-news/555896/দুমকিতে-৩-লাখ-চিংড়ি-রেনুসহ-আটক-৮,"৮ মে, ২০২২"
"ডিভোর্স দেওয়ায় স্ত্রীকে পুড়িয়ে হত্যা, যুবক গ্রেফতার",https://www.jugantor.com/country-news/555623/ডিভোর্স-দেওয়ায়-স্ত্রীকে-পুড়িয়ে-হত্যা-যুবক-গ্রেফতার,"৭ মে, ২০২২"
ডিভোর্স দেওয়ায় ঘুমন্ত স্ত্রীকে পুড়িয়ে মারলেন স্বামী,https://www.jugantor.com/country-news/555535/ডিভোর্স-দেওয়ায়-ঘুমন্ত-স্ত্রীকে-পুড়িয়ে-মারলেন-স্বামী,"৭ মে, ২০২২"
ইয়াবাসহ ইউপি সদস্য আটক,https://www.jugantor.com/country-news/555304/ইয়াবাসহ-ইউপি-সদস্য-আটক,"৭ মে, ২০২২"
হাসপাতালের খাবার স্যালাইন ডাস্টবিনে,https://www.jugantor.com/country-news/554500/হাসপাতালের-খাবার-স্যালাইন-ডাস্টবিনে,"৪ মে, ২০২২"
হাতি দিয়ে চাঁদাবাজি,https://www.jugantor.com/country-news/552326/হাতি-দিয়ে-চাঁদাবাজি,"৮ মে, ২০২২"
তিন ব্যবসায়ীর গুদামে ৩ হাজার লিটার সয়াবিন তেল!,https://www.jugantor.com/country-news/549518/তিন-ব্যবসায়ীর-গুদামে-৩-হাজার-লিটার-সয়াবিন-তেল,"০ মে, ২০২২"
পানিতে ডুবে মৃত্যুর ঘটনায় হত্যা মামলা!,https://www.jugantor.com/country-news/548724/পানিতে-ডুবে-মৃত্যুর-ঘটনায়-হত্যা-মামলা,"৮ মে, ২০২২"
টোল চাওয়ায় এমপিপুত্রের কাণ্ড,https://www.jugantor.com/country-news/548045/টোল-চাওয়ায়-এমপিপুত্রের-কাণ্ড,"৬ মে, ২০২২"
দর্শনার্থীদের পদচারণায় মুখরিত লেবুখালী পায়রা সেতু,https://www.jugantor.com/country-news/547713/দর্শনার্থীদের-পদচারণায়-মুখরিত-লেবুখালী-পায়রা-সেতু,"৫ মে, ২০২২"
দুমকিতে ইফতার মাহফিল অনুষ্ঠিত,https://www.jugantor.com/country-news/546907/দুমকিতে-ইফতার-মাহফিল-অনুষ্ঠিত,"০ এপ্রিল, ২০২২"
বসতঘরে ফাঁস দিয়ে কিশোরের আত্মহত্যা,https://www.jugantor.com/country-news/545589/বসতঘরে-ফাঁস-দিয়ে-কিশোরের-আত্মহত্যা,"৬ এপ্রিল, ২০২২"
মুগুর দিয়ে থেঁতলে দিল গৃহবধূর শরীর,https://www.jugantor.com/country-news/545329/মুগুর-দিয়ে-থেঁতলে-দিল-গৃহবধূর-শরীর,"৫ এপ্রিল, ২০২২"
নদীতে গোসলে নেমে শিশু নিখোঁজ,https://www.jugantor.com/country-news/544588/নদীতে-গোসলে-নেমে-শিশু-নিখোঁজ,"৩ এপ্রিল, ২০২২"
গালি দেওয়ায় একই পরিবারের ৬ জনকে কামড়িয়ে জখম,https://www.jugantor.com/country-news/544525/গালি-দেওয়ায়-একই-পরিবারের-৬-জনকে-কামড়িয়ে-জখম,"৩ এপ্রিল, ২০২২"
দোকানে বিস্কুট কিনতে গিয়ে ধর্ষণের শিকার কিশোরী,https://www.jugantor.com/country-news/541093/দোকানে-বিস্কুট-কিনতে-গিয়ে-ধর্ষণের-শিকার-কিশোরী,"৩ এপ্রিল, ২০২২"
ভূমি কর্মকর্তার বিরুদ্ধে ঘুস-দুর্নীতির অভিযোগ!,https://www.jugantor.com/country-news/537908/ভূমি-কর্মকর্তার-বিরুদ্ধে-ঘুসদুর্নীতির-অভিযোগ,"৪ এপ্রিল, ২০২২"
বিয়েতে দাওয়াত না পেয়ে গরুর সঙ্গে এ কেমন নৃশংসতা,https://www.jugantor.com/country-news/531360/বিয়েতে-দাওয়াত-না-পেয়ে-গরুর-সঙ্গে-এ-কেমন-নৃশংসতা,"৬ মার্চ, ২০২২"
"ফিল্মি স্টাইলে কলেজ শিক্ষিকাকে অপহরণ, অতঃপর...",https://www.jugantor.com/country-news/530410/ফিল্মি-স্টাইলে-কলেজ-শিক্ষিকাকে-অপহরণ-অতঃপর...,"৪ মার্চ, ২০২২"
পিকআপচাপায় মোটরসাইকেলের ৩ আরোহী নিহত,https://www.jugantor.com/country-news/529912/পিকআপচাপায়-মোটরসাইকেলের-৩-আরোহী-নিহত,"২ মার্চ, ২০২২"
হামলা-সহিংসতার মামলায় বিএনপির ৯ নেতা কারাগারে,https://www.jugantor.com/country-news/528885/হামলাসহিংসতার-মামলায়-বিএনপির-৯-নেতা-কারাগারে,"৯ মার্চ, ২০২২"
এলজিইডির দুই প্রকৌশলীকে পেটালেন ঠিকাদার,https://www.jugantor.com/country-news/527530/এলজিইডির-দুই-প্রকৌশলীকে-পেটালেন-ঠিকাদার,"৬ মার্চ, ২০২২"
দুমকিতে যুবলীগ বিএনপি সংঘর্ষ,https://www.jugantor.com/todays-paper/last-page/527234/দুমকিতে-যুবলীগ-বিএনপি-সংঘর্ষ,"৬ মার্চ, ২০২২"
বিএনপি-যুবলীগ সংঘর্ষে আহত ৩০,https://www.jugantor.com/country-news/527095/বিএনপিযুবলীগ-সংঘর্ষে-আহত-৩০,"৫ মার্চ, ২০২২"
বার বার বিয়ে ভেঙে যাওয়ায় ছাত্রীর আত্মহত্যা,https://www.jugantor.com/country-news/523545/বার-বার-বিয়ে-ভেঙে-যাওয়ায়-ছাত্রীর-আত্মহত্যা,"৩ ফেব্রুয়ারি, ২০২২"
বাজারের ব্যাগে মিলল সাড়ে ৩ কেজি গাঁজা,https://www.jugantor.com/country-news/523234/বাজারের-ব্যাগে-মিলল-সাড়ে-৩-কেজি-গাঁজা,"৩ ফেব্রুয়ারি, ২০২২"
অবশেষে শাঁখা-সিঁদুর পরিয়ে ঘরে তোলা হলো সেই মুক্তা রানীকে,https://www.jugantor.com/country-news/520906/অবশেষে-শাঁখাসিঁদুর-পরিয়ে-ঘরে-তোলা-হলো-সেই-মুক্তা-রানীকে,"৬ ফেব্রুয়ারি, ২০২২"
প্রেমিকের বাড়িতে সাত দিন ধরে অনশনে তরুণী!,https://www.jugantor.com/country-news/520285/প্রেমিকের-বাড়িতে-সাত-দিন-ধরে-অনশনে-তরুণী,"৫ ফেব্রুয়ারি, ২০২২"
দুমকিতে চালককে কুপিয়ে অটোরিকশা ছিনতাই,https://www.jugantor.com/country-news/519365/দুমকিতে-চালককে-কুপিয়ে-অটোরিকশা-ছিনতাই,"২ ফেব্রুয়ারি, ২০২২"
মোবাইল ফোন চুরির অপবাদে শিক্ষার্থীর মাথা ন্যাড়া করলেন ইউপি সদস্য,https://www.jugantor.com/country-news/518106/মোবাইল-ফোন-চুরির-অপবাদে-শিক্ষার্থীর-মাথা-ন্যাড়া-করলেন-ইউপি-সদস্য,"৯ ফেব্রুয়ারি, ২০২২"
পবিপ্রবিতে যুগান্তরের প্রতিষ্ঠাবার্ষিকী পালিত,https://www.jugantor.com/country-news/516620/পবিপ্রবিতে-যুগান্তরের-প্রতিষ্ঠাবার্ষিকী-পালিত,"৪ ফেব্রুয়ারি, ২০২২"
দুমকিতে যুগান্তরের প্রতিষ্ঠাবার্ষিকী পালিত,https://www.jugantor.com/country-news/515991/দুমকিতে-যুগান্তরের-প্রতিষ্ঠাবার্ষিকী-পালিত,"২ ফেব্রুয়ারি, ২০২২"
দুমকিতে কৃষক দলের কমিটি ঘোষণা,https://www.jugantor.com/country-news/515631/দুমকিতে-কৃষক-দলের-কমিটি-ঘোষণা,"১ ফেব্রুয়ারি, ২০২২"
ধাক্কা দিয়ে ব্রিজ ভেঙে ফেলল কার্গো!,https://www.jugantor.com/country-news/515349/ধাক্কা-দিয়ে-ব্রিজ-ভেঙে-ফেলল-কার্গো,"১ জানুয়ারি, ২০২২"
চলাচলের রাস্তা বন্ধের প্রতিবাদে মানববন্ধন,https://www.jugantor.com/country-news/514583/চলাচলের-রাস্তা-বন্ধের-প্রতিবাদে-মানববন্ধন,"৯ জানুয়ারি, ২০২২"
"মায়ের দুধ খেতে খেতে শিশুর মৃত্যু, শোকে মারা গেলেন মা!",https://www.jugantor.com/country-news/510953/মায়ের-দুধ-খেতে-খেতে-শিশুর-মৃত্যু-শোকে-মারা-গেলেন-মা,"০ জানুয়ারি, ২০২২"
পায়রা সেতুর টোলপ্লাজায় ট্রাকচাপায় প্রাণ গেল পুলিশ সদস্যের,https://www.jugantor.com/country-news/504094/পায়রা-সেতুর-টোলপ্লাজায়-ট্রাকচাপায়-প্রাণ-গেল-পুলিশ-সদস্যের,"১ জানুয়ারি, ২০২২"
"অর্ধকোটি টাকা নিয়ে লাপাত্তা ওষুধ ব্যবসায়ী, ধরিয়ে দিলেই পুরস্কার",https://www.jugantor.com/country-news/503048/অর্ধকোটি-টাকা-নিয়ে-লাপাত্তা-ওষুধ-ব্যবসায়ী-ধরিয়ে-দিলেই-পুরস্কার,"৯ ডিসেম্বর, ২০২১"
দুমকিতে বাসচাপায় হেলপার নিহত,https://www.jugantor.com/country-news/502044/দুমকিতে-বাসচাপায়-হেলপার-নিহত,"৬ ডিসেম্বর, ২০২১"
"জুতা পায়ে শহিদবেদিতে পুষ্পস্তবক অর্পণ, ছবি ভাইরাল",https://www.jugantor.com/country-news/498685/জুতা-পায়ে-শহিদবেদিতে-পুষ্পস্তবক-অর্পণ-ছবি-ভাইরাল,"৬ ডিসেম্বর, ২০২১"
"মাদ্রাসাছাত্রীকে ধর্ষণ করে ছবি ফেসবুকে, চাচা-ভাতিজা আটক",https://www.jugantor.com/country-news/497740/মাদ্রাসাছাত্রীকে-ধর্ষণ-করে-ছবি-ফেসবুকে-চাচাভাতিজা-আটক,"৩ ডিসেম্বর, ২০২১"
আওয়ামী লীগের বিতর্কিত কমিটি বাতিল করে পুনর্গঠনের নির্দেশ,https://www.jugantor.com/country-news/494169/আওয়ামী-লীগের-বিতর্কিত-কমিটি-বাতিল-করে-পুনর্গঠনের-নির্দেশ,"৩ ডিসেম্বর, ২০২১"
আওয়ামী লীগের কমিটিতে বিএনপি জামায়াত ও জাতীয় পার্টি!,https://www.jugantor.com/country-news/493055/আওয়ামী-লীগের-কমিটিতে-বিএনপি-জামায়াত-ও-জাতীয়-পার্টি,"০ নভেম্বর, ২০২১"
পায়রা সেতুতে ২ মোটরসাইকেলের সংঘর্ষে স্কুলছাত্র নিহত,https://www.jugantor.com/country-news/482668/পায়রা-সেতুতে-২-মোটরসাইকেলের-সংঘর্ষে-স্কুলছাত্র-নিহত,"২ নভেম্বর, ২০২১"
পটুয়াখালীতে টমটম-মাহেন্দ্র সংঘর্ষে যুবক নিহত,https://www.jugantor.com/country-news/480118/পটুয়াখালীতে-টমটমমাহেন্দ্র-সংঘর্ষে-যুবক-নিহত,"৬ অক্টোবর, ২০২১"
"দুমকি প্রেস ক্লাবের সভাপতি ফজলুল, সম্পাদক কাজী দুলাল",https://www.jugantor.com/country-news/479791/দুমকি-প্রেস-ক্লাবের-সভাপতি-ফজলুল-সম্পাদক-কাজী-দুলাল,"৫ অক্টোবর, ২০২১"
ফেরিমুক্ত ২৪০ কিমি. পথ,https://www.jugantor.com/todays-paper/first-page/479488/ফেরিমুক্ত-২৪০-কিমি.-পথ,"৫ অক্টোবর, ২০২১"
"ধর্ষণে অন্তঃসত্ত্বা তরুণী, ফুফাতো ভাই গ্রেফতার",https://www.jugantor.com/country-news/474247/ধর্ষণে-অন্তঃসত্ত্বা-তরুণী-ফুফাতো-ভাই-গ্রেফতার,"৯ অক্টোবর, ২০২১"
তুলে নেয়ার ১৬ ঘণ্টা পর হাসপাতালে মিলল স্বেচ্ছাসেবক লীগ নেতা,https://www.jugantor.com/country-news/473947/তুলে-নেয়ার-১৬-ঘণ্টা-পর-হাসপাতালে-মিলল-স্বেচ্ছাসেবক-লীগ-নেতা,"৮ অক্টোবর, ২০২১"
স্বেচ্ছাসেবক লীগ নেতাকে তুলে নেওয়ার অভিযোগ,https://www.jugantor.com/country-news/473885/স্বেচ্ছাসেবক-লীগ-নেতাকে-তুলে-নেওয়ার-অভিযোগ,"৮ অক্টোবর, ২০২১"
"দুমকিতে নির্মাণাধীন সেতুর কাজ ৪ মাস ধরে বন্ধ, দুর্ভোগে দুই ইউনিয়নের মানুষ",https://www.jugantor.com/country-news/472700/দুমকিতে-নির্মাণাধীন-সেতুর-কাজ-৪-মাস-ধরে-বন্ধ-দুর্ভোগে-দুই-ইউনিয়নের-মানুষ,"৫ অক্টোবর, ২০২১"
"দুমকিতে রাস্তা ভেঙে যোগাযোগ বিচ্ছিন্ন, বিপাকে ৫ গ্রামের মানুষ",https://www.jugantor.com/country-news/468660/দুমকিতে-রাস্তা-ভেঙে-যোগাযোগ-বিচ্ছিন্ন-বিপাকে-৫-গ্রামের-মানুষ,"৪ সেপ্টেম্বর, ২০২১"
স্কুল ভবনের পলেস্তারা ধসে শিক্ষক আহত,https://www.jugantor.com/country-news/468050/স্কুল-ভবনের-পলেস্তারা-ধসে-শিক্ষক-আহত,"৩ সেপ্টেম্বর, ২০২১"
"লেবুখালী পায়রা সেতুতে মাত্রাতিরিক্ত টোল, ফেসবুকে তোলপাড়!",https://www.jugantor.com/country-news/467939/লেবুখালী-পায়রা-সেতুতে-মাত্রাতিরিক্ত-টোল-ফেসবুকে-তোলপাড়,"২ সেপ্টেম্বর, ২০২১"
নির্মাণের ৬ মাসেই নদীতে বিলীন হচ্ছে সড়ক!,https://www.jugantor.com/country-news/467295/নির্মাণের-৬-মাসেই-নদীতে-বিলীন-হচ্ছে-সড়ক,"০ সেপ্টেম্বর, ২০২১"
লেবুখালী পায়রা সেতু উদ্বোধনের অপেক্ষায়,https://www.jugantor.com/todays-paper/city/462273/লেবুখালী-পায়রা-সেতু-উদ্বোধনের-অপেক্ষায়,"৭ সেপ্টেম্বর, ২০২১"
প্রবল ঝড়ে শতাধিক ঘরবাড়ি বিধ্বস্ত,https://www.jugantor.com/country-news/447631/প্রবল-ঝড়ে-শতাধিক-ঘরবাড়ি-বিধ্বস্ত,"৮ জুলাই, ২০২১"
"স্ত্রীকে হার্টের রোগী সাজিয়ে ঢাকার পথে, অতঃপর...(ভিডিও)",https://www.jugantor.com/covid-19/447176/স্ত্রীকে-হার্টের-রোগী-সাজিয়ে-ঢাকার-পথে-অতঃপর...ভিডিও,"৭ জুলাই, ২০২১"
নারী ও ইয়াবাসহ আটক  হয়ে পদ গেল আ.লীগ নেতার,https://www.jugantor.com/country-news/446800/নারী-ও-ইয়াবাসহ-আটক- হয়ে-পদ-গেল-আ.লীগ-নেতার,"৬ জুলাই, ২০২১"
বিয়ের খাবার খাওয়া হলো না অতিথিদের,https://www.jugantor.com/country-news/445626/বিয়ের-খাবার-খাওয়া-হলো-না-অতিথিদের,"৩ জুলাই, ২০২১"
ট্রাকে মিলল দেড় কোটি টাকার চিংড়ি রেণু!,https://www.jugantor.com/country-news/444244/ট্রাকে-মিলল-দেড়-কোটি-টাকার-চিংড়ি-রেণু,"৭ জুলাই, ২০২১"
"জাসদ জামায়াত বিএনপি নিয়ে আ’লীগের কমিটি, ফেসবুকে তোলপাড়!",https://www.jugantor.com/country-news/443164/জাসদ-জামায়াত-বিএনপি-নিয়ে-আলীগের-কমিটি-ফেসবুকে-তোলপাড়,"৪ জুলাই, ২০২১"
দুমকিতে বীর মুক্তিযোদ্ধা নুরুল ইসলামের মৃত্যুবার্ষিকী উপলক্ষে দোয়া মাহফিল,https://www.jugantor.com/country-news/442299/দুমকিতে-বীর-মুক্তিযোদ্ধা-নুরুল-ইসলামের-মৃত্যুবার্ষিকী-উপলক্ষে-দোয়া-মাহফিল,"২ জুলাই, ২০২১"
রাস্তায় ছিটকে পড়ে আহত শিক্ষা কর্মকর্তার মৃত্যু,https://www.jugantor.com/country-news/438713/রাস্তায়-ছিটকে-পড়ে-আহত-শিক্ষা-কর্মকর্তার-মৃত্যু,"৩ জুলাই, ২০২১"
গলায় ফাঁস দিয়ে গৃহবধূর আত্মহত্যা,https://www.jugantor.com/country-news/438278/গলায়-ফাঁস-দিয়ে-গৃহবধূর-আত্মহত্যা,"২ জুলাই, ২০২১"
মেসির জন্মদিনে কেক কেটে আনন্দ মিছিল,https://www.jugantor.com/country-news/435434/মেসির-জন্মদিনে-কেক-কেটে-আনন্দ-মিছিল,"৫ জুন, ২০২১"
স্বামীর পছন্দের মার্কায় ভোট না দেওয়ায় পিটিয়ে জখম,https://www.jugantor.com/country-news/434951/স্বামীর-পছন্দের-মার্কায়-ভোট-না-দেওয়ায়-পিটিয়ে-জখম,"৩ জুন, ২০২১"
আনারস নিয়ে বিপাকে প্রার্থী!,https://www.jugantor.com/country-news/432732/আনারস-নিয়ে-বিপাকে-প্রার্থী,"৭ জুন, ২০২১"
"শাশুড়িকে কুপিয়ে হত্যা, জামাতা গ্রেফতার",https://www.jugantor.com/country-news/431084/শাশুড়িকে-কুপিয়ে-হত্যা-জামাতা-গ্রেফতার,"৩ জুন, ২০২১"
জোয়ারের পানিতে ভেসে গেল বিধবা,https://www.jugantor.com/country-news/425076/জোয়ারের-পানিতে-ভেসে-গেল-বিধবা,"৭ মে, ২০২১"
"ট্রাকের ধাক্কায় মোটরসাইকেল থেকে ছিটকে সড়কে, স্কুলশিক্ষিকা নিহত",https://www.jugantor.com/country-news/422362/ট্রাকের-ধাক্কায়-মোটরসাইকেল-থেকে-ছিটকে-সড়কে-স্কুলশিক্ষিকা-নিহত,"৯ মে, ২০২১"
মাছের সঙ্গে এ কেমন শত্রুতা,https://www.jugantor.com/country-news/413989/মাছের-সঙ্গে-এ-কেমন-শত্রুতা,"১ এপ্রিল, ২০২১"
পটুয়াখালীতে ডায়রিয়ায় ৪ জনের মৃত্যু,https://www.jugantor.com/country-news/412933/পটুয়াখালীতে-ডায়রিয়ায়-৪-জনের-মৃত্যু,"৮ এপ্রিল, ২০২১"
"পায়রা সেতুর টোল নির্ধারণ, খুলে দেওয়া হবে জুলাইয়ে",https://www.jugantor.com/country-news/405288/পায়রা-সেতুর-টোল-নির্ধারণ-খুলে-দেওয়া-হবে-জুলাইয়ে,"৪ মার্চ, ২০২১"
"বাথরুমের মেঝেতে মিলল গাঁজা-ইয়াবা, আটক ১",https://www.jugantor.com/country-news/404169/বাথরুমের-মেঝেতে-মিলল-গাঁজাইয়াবা-আটক-১,"১ মার্চ, ২০২১"
নির্মাণকাজ শেষ না হতেই পায়রা সেতুতে ধস,https://www.jugantor.com/country-news/403138/নির্মাণকাজ-শেষ-না-হতেই-পায়রা-সেতুতে-ধস,"৮ মার্চ, ২০২১"
আমার মেয়ের ইজ্জতের মূল্য কি ৫০০ টাকা?,https://www.jugantor.com/country-news/400929/আমার-মেয়ের-ইজ্জতের-মূল্য-কি-৫০০-টাকা,"১ মার্চ, ২০২১"
"নিয়ন্ত্রণ হারিয়ে গাছে বাসের ধাক্কা, ১০ যাত্রী আহত",https://www.jugantor.com/country-news/400224/নিয়ন্ত্রণ-হারিয়ে-গাছে-বাসের-ধাক্কা-১০-যাত্রী-আহত,"৯ মার্চ, ২০২১"
৪০ দিনের কর্মসূচির নামে নানা অনিয়ম,https://www.jugantor.com/country-news/396272/৪০-দিনের-কর্মসূচির-নামে-নানা-অনিয়ম,"৪ ফেব্রুয়ারি, ২০২১"
মৃত্যুর পর গার্ড অব অনার চান না তিনি,https://www.jugantor.com/country-news/392449/মৃত্যুর-পর-গার্ড-অব-অনার-চান-না-তিনি,"১ ফেব্রুয়ারি, ২০২১"
আত্মহত্যার পর মুমূর্ষু রোগী সাজিয়ে স্কুলছাত্রীকে নেয়া হয় হাসপাতালে,https://www.jugantor.com/country-news/391874/আত্মহত্যার-পর-মুমূর্ষু-রোগী-সাজিয়ে-স্কুলছাত্রীকে-নেয়া-হয়-হাসপাতালে,"৯ ফেব্রুয়ারি, ২০২১"
ভ্রমণ শেষে ফেরার পথে বাসের চাকায় পিষ্ট কিশোর,https://www.jugantor.com/country-news/391080/ভ্রমণ-শেষে-ফেরার-পথে-বাসের-চাকায়-পিষ্ট-কিশোর,"৬ ফেব্রুয়ারি, ২০২১"
"অন্যকে ফাঁসাতে ছেলেকে গুম, ফেঁসে গেলেন বাবা",https://www.jugantor.com/country-news/389201/অন্যকে-ফাঁসাতে-ছেলেকে-গুম-ফেঁসে-গেলেন-বাবা,"০ জানুয়ারি, ২০২১"
ঘরের আড়ার সঙ্গে ঝুলছিল যুবকের লাশ,https://www.jugantor.com/country-news/388781/ঘরের-আড়ার-সঙ্গে-ঝুলছিল-যুবকের-লাশ,"৯ জানুয়ারি, ২০২১"
বিশ্বের সেরা বিজ্ঞানীর তালিকায় বাংলাদেশি অধ্যাপক ড. সাইফুল,https://www.jugantor.com/campus/382571/বিশ্বের-সেরা-বিজ্ঞানীর-তালিকায়-বাংলাদেশি-অধ্যাপক-ড.-সাইফুল,"০ জানুয়ারি, ২০২১"
"বিবাহিতদের দিয়ে ছাত্রদলের কমিটি, তৃণমূল নেতাকর্মীদের প্রত্যাখ্যান",https://www.jugantor.com/country-news/378739/বিবাহিতদের-দিয়ে-ছাত্রদলের-কমিটি-তৃণমূল-নেতাকর্মীদের-প্রত্যাখ্যান,"৯ ডিসেম্বর, ২০২০"
প্রধান শিক্ষকের বিরুদ্ধে অপপ্রচারে নিন্দা ও প্রতিবাদ,https://www.jugantor.com/country-news/373523/প্রধান-শিক্ষকের-বিরুদ্ধে-অপপ্রচারে-নিন্দা-ও-প্রতিবাদ,"২ ডিসেম্বর, ২০২০"
পটুয়াখালীতে মোটরসাইকেলের ধাক্কায় ইউপি সদস্য নিহত,https://www.jugantor.com/country-news/373112/পটুয়াখালীতে-মোটরসাইকেলের-ধাক্কায়-ইউপি-সদস্য-নিহত,"১ ডিসেম্বর, ২০২০"
দুমকিতে বায়োফ্লক পদ্ধতিতে মাছ চাষে ঝুঁকছেন বেকার তরুণরা,https://www.jugantor.com/country-news/372507/দুমকিতে-বায়োফ্লক-পদ্ধতিতে-মাছ-চাষে-ঝুঁকছেন-বেকার-তরুণরা,"৯ ডিসেম্বর, ২০২০"
৪১ দিন পাঁচ ওয়াক্ত নামাজ পড়ে সাইকেল পেল ১৮ কিশোর,https://www.jugantor.com/country-news/371069/৪১-দিন-পাঁচ-ওয়াক্ত-নামাজ-পড়ে-সাইকেল-পেল-১৮-কিশোর,"৪ ডিসেম্বর, ২০২০"
পবিপ্রবিতে স্বজনপ্রীতি ও নিয়োগ বাণিজ্যের অভিযোগে ছাত্রলীগের বিক্ষোভ,https://www.jugantor.com/country-news/370162/পবিপ্রবিতে-স্বজনপ্রীতি-ও-নিয়োগ-বাণিজ্যের-অভিযোগে-ছাত্রলীগের-বিক্ষোভ,"১ ডিসেম্বর, ২০২০"
পটুয়াখালীতে বিদেশি মদসহ যুবক গ্রেফতার,https://www.jugantor.com/country-news/368866/পটুয়াখালীতে-বিদেশি-মদসহ-যুবক-গ্রেফতার,"৭ নভেম্বর, ২০২০"
দুমকিতে সড়ক দুর্ঘটনায় চাচা-ভাতিজা নিহত,https://www.jugantor.com/country-news/366636/দুমকিতে-সড়ক-দুর্ঘটনায়-চাচাভাতিজা-নিহত,"০ নভেম্বর, ২০২০"
দুমকিতে ৯ হাজার ইয়াবাসহ যুবক আটক,https://www.jugantor.com/country-news/365529/দুমকিতে-৯-হাজার-ইয়াবাসহ-যুবক-আটক,"৭ নভেম্বর, ২০২০"
"দুমকিতে মোটরসাইকেলে ইয়াবার চালান, যুবক আটক",https://www.jugantor.com/country-news/364871/দুমকিতে-মোটরসাইকেলে-ইয়াবার-চালান-যুবক-আটক,"৫ নভেম্বর, ২০২০"
পটুয়াখালীতে শিশুকে গাড়িচাপা দিয়ে পালানোর সময় সওজের প্রকৌশলী আটক,https://www.jugantor.com/country-news/362040/পটুয়াখালীতে-শিশুকে-গাড়িচাপা-দিয়ে-পালানোর-সময়-সওজের-প্রকৌশলী-আটক,"৬ নভেম্বর, ২০২০"
প্রতিবন্ধী কিশোরী ধর্ষণের অভিযোগে ৬০ বছরের বৃদ্ধ গ্রেফতার,https://www.jugantor.com/country-news/361438/প্রতিবন্ধী-কিশোরী-ধর্ষণের-অভিযোগে-৬০-বছরের-বৃদ্ধ-গ্রেফতার,"৪ নভেম্বর, ২০২০"
"দুমকিতে প্রতিবন্ধী কিশোরীকে ধর্ষণ, বৃদ্ধ গ্রেফতার",https://www.jugantor.com/country-news/361385/দুমকিতে-প্রতিবন্ধী-কিশোরীকে-ধর্ষণ-বৃদ্ধ-গ্রেফতার,"৪ নভেম্বর, ২০২০"
দুমকিতে নিখোঁজ অটোচালকের গলাকাটা লাশ উদ্ধার,https://www.jugantor.com/country-news/361375/দুমকিতে-নিখোঁজ-অটোচালকের-গলাকাটা-লাশ-উদ্ধার,"৪ নভেম্বর, ২০২০"
ত্রাণের চাল আত্মসাৎ: দুমকিতে ইউপি চেয়ারম্যানসহ ২ মেম্বার বরখাস্ত,https://www.jugantor.com/country-news/357815/ত্রাণের-চাল-আত্মসাৎ-দুমকিতে-ইউপি-চেয়ারম্যানসহ-২-মেম্বার-বরখাস্ত,"৩ অক্টোবর, ২০২০"
দুমকিতে করোনাজয়ী স্বাস্থ্য কর্মকর্তাকে ফুলেল শুভেচ্ছা,https://www.jugantor.com/country-news/354913/দুমকিতে-করোনাজয়ী-স্বাস্থ্য-কর্মকর্তাকে-ফুলেল-শুভেচ্ছা,"৪ অক্টোবর, ২০২০"
নির্ধারিত সময়ে শেষ হচ্ছে না পায়রা সেতুর নির্মাণ কাজ,https://www.jugantor.com/country-news/352817/নির্ধারিত-সময়ে-শেষ-হচ্ছে-না-পায়রা-সেতুর-নির্মাণ-কাজ,"৮ অক্টোবর, ২০২০"
শেরেবাংলা অ্যাওয়ার্ড পেলেন দুমকি প্রেসক্লাব সভাপতি অধ্যক্ষ জসিম,https://www.jugantor.com/country-news/352441/শেরেবাংলা-অ্যাওয়ার্ড-পেলেন-দুমকি-প্রেসক্লাব-সভাপতি-অধ্যক্ষ-জসিম,"৭ অক্টোবর, ২০২০"
দুমকিতে চেয়ারম্যানের বিরুদ্ধে মামলা,https://www.jugantor.com/country-news/352166/দুমকিতে-চেয়ারম্যানের-বিরুদ্ধে-মামলা,"৬ অক্টোবর, ২০২০"
দুমকিতে পাচারকালে সরকারি চাল জব্দ,https://www.jugantor.com/country-news/351832/দুমকিতে-পাচারকালে-সরকারি-চাল-জব্দ,"৫ অক্টোবর, ২০২০"
দুমকিতে যত্রতত্র বিক্রি হচ্ছে এলপি গ্যাস,https://www.jugantor.com/country-news/351358/দুমকিতে-যত্রতত্র-বিক্রি-হচ্ছে-এলপি-গ্যাস,"৪ অক্টোবর, ২০২০"
দুমকিতে ফেরিঘাট সড়কের বেহাল দশা,https://www.jugantor.com/country-news/349697/দুমকিতে-ফেরিঘাট-সড়কের-বেহাল-দশা,"৯ সেপ্টেম্বর, ২০২০"
দুমকিতে স্বাস্থ্য কর্মকর্তা করোনায় আক্রান্ত,https://www.jugantor.com/covid-19/349120/দুমকিতে-স্বাস্থ্য-কর্মকর্তা-করোনায়-আক্রান্ত,"৭ সেপ্টেম্বর, ২০২০"
দুমকিতে পায়রার বেড়িবাঁধে ভাঙন,https://www.jugantor.com/country-news/348181/দুমকিতে-পায়রার-বেড়িবাঁধে-ভাঙন,"৪ সেপ্টেম্বর, ২০২০"
দুমকির ১৫০ কিলোমিটার কাঁচা সড়কের বেহাল দশা,https://www.jugantor.com/country-news/345000/দুমকির-১৫০-কিলোমিটার-কাঁচা-সড়কের-বেহাল-দশা,"৫ সেপ্টেম্বর, ২০২০"
পটুয়াখালীতে ২ কেজি গাঁজাসহ কলেজছাত্র গ্রেফতার,https://www.jugantor.com/country-news/344281/পটুয়াখালীতে-২-কেজি-গাঁজাসহ-কলেজছাত্র-গ্রেফতার,"৩ সেপ্টেম্বর, ২০২০"
দুমকিতে অজ্ঞাত রোগে ৪ হাজার মুরগির মৃত্যু,https://www.jugantor.com/country-news/342045/দুমকিতে-অজ্ঞাত-রোগে-৪-হাজার-মুরগির-মৃত্যু,"৬ সেপ্টেম্বর, ২০২০"
"ঘর পাচ্ছেন সচ্ছলরা, বঞ্চিত প্রকৃত গৃহহীনরা",https://www.jugantor.com/country-news/341129/ঘর-পাচ্ছেন-সচ্ছলরা-বঞ্চিত-প্রকৃত-গৃহহীনরা,"৩ সেপ্টেম্বর, ২০২০"
বাঁচতে চান ছাত্রলীগ নেতা সাগর,https://www.jugantor.com/country-news/339338/বাঁচতে-চান-ছাত্রলীগ-নেতা-সাগর-,"৮ আগস্ট, ২০২০"
ঋণ পরিশোধে ব্যর্থ যুবকের আত্মহত্যা,https://www.jugantor.com/country-news/339014/ঋণ-পরিশোধে-ব্যর্থ-যুবকের-আত্মহত্যা,"৭ আগস্ট, ২০২০"
দুমকিতে ভেসে গেছে দুই শতাধিক ঘেরের মাছ,https://www.jugantor.com/country-news/338599/দুমকিতে-ভেসে-গেছে-দুই-শতাধিক-ঘেরের-মাছ,"৬ আগস্ট, ২০২০"
মোবাইল না পেয়ে হাফেজের আত্মহত্যা,https://www.jugantor.com/country-news/331464/মোবাইল-না-পেয়ে-হাফেজের-আত্মহত্যা,"৩ আগস্ট, ২০২০"
বঙ্গবন্ধুর জন্মশতবার্ষিকীতে বৃক্ষরোপণ ও পোনা অবমুক্ত করলেন ডিআইজি,https://www.jugantor.com/country-news/331258/বঙ্গবন্ধুর-জন্মশতবার্ষিকীতে-বৃক্ষরোপণ-ও-পোনা-অবমুক্ত-করলেন-ডিআইজি,"১ জুলাই, ২০২০"
ছাত্রলীগ নেতা শফিক ইয়াবাসহ আটক,https://www.jugantor.com/country-news/327997/ছাত্রলীগ-নেতা-শফিক-ইয়াবাসহ-আটক,"১ জুলাই, ২০২০"
১৫ দিনেও মিলছে না করোনা পরীক্ষার রিপোর্ট,https://www.jugantor.com/covid-19/321306/১৫-দিনেও-মিলছে-না-করোনা-পরীক্ষার-রিপোর্ট,"০ জুন, ২০২০"
দুমকিতে নির্বাচন কর্মকর্তা করোনা আক্রান্ত,https://www.jugantor.com/country-news/320991/দুমকিতে-নির্বাচন-কর্মকর্তা-করোনা-আক্রান্ত,"৯ জুন, ২০২০"
দুমকিতে ১৪ মামলায় গ্রেফতার রিপন আদালতে,https://www.jugantor.com/country-news/320894/দুমকিতে-১৪-মামলায়-গ্রেফতার-রিপন-আদালতে,"৯ জুন, ২০২০"
চলচ্চিত্র অভিনেতা রাজিবের মায়ের ইন্তেকাল,https://www.jugantor.com/country-news/319580/চলচ্চিত্র-অভিনেতা-রাজিবের-মায়ের-ইন্তেকাল,"৫ জুন, ২০২০"
দুমকিতে চতুর্থ শ্রেণির শিক্ষার্থী করোনায় আক্রান্ত,https://www.jugantor.com/covid-19/309823/দুমকিতে-চতুর্থ-শ্রেণির-শিক্ষার্থী-করোনায়-আক্রান্ত,"৩ মে, ২০২০"
আম্পানের প্রভাবে দুমকির ১০ গ্রাম প্লাবিত,https://www.jugantor.com/country-news/309329/আম্পানের-প্রভাবে-দুমকির-১০-গ্রাম-প্লাবিত,"১ মে, ২০২০"
দুমকিতে গাছে মিলল ডেমরার জুট মিল শ্রমিকের লাশ,https://www.jugantor.com/covid-19/306948/দুমকিতে-গাছে-মিলল-ডেমরার-জুট-মিল-শ্রমিকের-লাশ,"৩ মে, ২০২০"
দুমকিতে প্রকৃত অসহায়দের খাদ্য দিচ্ছেন ওসি,https://www.jugantor.com/country-news/306553/দুমকিতে-প্রকৃত-অসহায়দের-খাদ্য-দিচ্ছেন-ওসি,"২ মে, ২০২০"
দুমকিতে ফাঁস দিয়ে কলেজছাত্রের আত্মহত্যা,https://www.jugantor.com/country-news/302227/দুমকিতে-ফাঁস-দিয়ে-কলেজছাত্রের-আত্মহত্যা,"৭ এপ্রিল, ২০২০"
দুমকীতে করোনাভাইরাসে আক্রান্ত চিকিৎসক,https://www.jugantor.com/country-news/300622/দুমকীতে-করোনাভাইরাসে-আক্রান্ত-চিকিৎসক,"২ এপ্রিল, ২০২০"
দুমকি উপজেলা লকডাউন,https://www.jugantor.com/covid-19/297248/দুমকি-উপজেলা-লকডাউন,"০ এপ্রিল, ২০২০"
দুমকিতে মারা যাওয়ার দুই ঘণ্টা পর জানা গেল গার্মেন্টসকর্মী করোনায় আক্রান্ত!,https://www.jugantor.com/covid-19/297109/দুমকিতে-মারা-যাওয়ার-দুই-ঘণ্টা-পর-জানা-গেল-গার্মেন্টসকর্মী-করোনায়-আক্রান্ত,"৯ এপ্রিল, ২০২০"
ফোন পেয়ে বৃদ্ধার ঘরে খাবার পৌঁছে দিলেন ওসি,https://www.jugantor.com/covid-19/296523/ফোন-পেয়ে-বৃদ্ধার-ঘরে-খাবার-পৌঁছে-দিলেন-ওসি,"৭ এপ্রিল, ২০২০"
তিনদিন পানি খেয়ে থাকা সেই বৃদ্ধের বাড়িতে এসপি,https://www.jugantor.com/covid-19/294855/তিনদিন-পানি-খেয়ে-থাকা-সেই-বৃদ্ধের-বাড়িতে-এসপি,"১ এপ্রিল, ২০২০"
পবিপ্রবির ৩ শিক্ষক হোম কোয়ারেন্টাইনে!,https://www.jugantor.com/campus/290114/পবিপ্রবির-৩-শিক্ষক-হোম-কোয়ারেন্টাইনে,"৭ মার্চ, ২০২০"
দুমকিতে সড়ক দুর্ঘটনায় জেলা শিক্ষা অফিসের ক্লার্ক নিহত,https://www.jugantor.com/country-news/285748/দুমকিতে-সড়ক-দুর্ঘটনায়-জেলা-শিক্ষা-অফিসের-ক্লার্ক-নিহত,"৫ মার্চ, ২০২০"
‘নিউজ করলে ব্যবস্থা নিব’,https://www.jugantor.com/country-news/281579/নিউজ-করলে-ব্যবস্থা-নিব,"৩ ফেব্রুয়ারি, ২০২০"
পটুয়াখালীতে ‘ম্যানেজ করে’ খাসজমিতে ইটভাটা নির্মাণ!,https://www.jugantor.com/country-news/280696/পটুয়াখালীতে-ম্যানেজ-করে-খাসজমিতে-ইটভাটা-নির্মাণ,"০ ফেব্রুয়ারি, ২০২০"
এসআই  পদে চাকরি পাওয়া দুমকির বিথিকা ও মহিবুল্লার বাড়িতে ওসি,https://www.jugantor.com/country-news/279542/এসআই--পদে-চাকরি-পাওয়া-দুমকির-বিথিকা-ও-মহিবুল্লার-বাড়িতে-ওসি,"৭ ফেব্রুয়ারি, ২০২০"
কৃষিপণ্যের ন্যায্যমূল্য নিশ্চিত করতে সরকার বদ্ধ পরিকর: খাদ্যমন্ত্রী,https://www.jugantor.com/national/277615/কৃষিপণ্যের-ন্যায্যমূল্য-নিশ্চিত-করতে-সরকার-বদ্ধ-পরিকর-খাদ্যমন্ত্রী,"২ ফেব্রুয়ারি, ২০২০"
গোপনে প্রেম করায় পবিপ্রবির সিঙ্গেল কমিটির ১৩ সদস্য বহিষ্কার!,https://www.jugantor.com/country-news/276831/গোপনে-প্রেম-করায়-পবিপ্রবির-সিঙ্গেল-কমিটির-১৩-সদস্য-বহিষ্কার,"০ ফেব্রুয়ারি, ২০২০"
পবিপ্রবির ১৫ শিক্ষার্থী সাময়িক বহিষ্কার,https://www.jugantor.com/country-news/270802/পবিপ্রবির-১৫-শিক্ষার্থী-সাময়িক-বহিষ্কার,"৪ জানুয়ারি, ২০২০"
